{
  "format_version": "1.12",
  "minecraft:recipe_shaped": {
    "description": {
      "identifier": "raigen:cobbled_deepslate_gate_block_white"
    },

    "tags": [ "crafting_table" ],
    "pattern": [
      "RCR",
      "CDC",
      "RCR"
    ],
    "key": {
      "C": {
        "item": "minecraft:cobbled_deepslate"
      },
      "R": {
        "item": "minecraft:redstone"
      },
      "D": {
        "item": "minecraft:white_dye"
      }
    },
    "result": {
      "item": "raigen:cobbled_deepslate_gate_block_white",
      "count": 1
    }
  }
}
