{
  "format_version": [   1,  1, 0 ],
  "raigen:cobblestone_item_filter_block": {
    "textures": {
      "up": "cobblestone_item_filter_block_top",
      "side": "cobblestone_filter_block_side",
      "down": "cobblestone_item_filter_block_top"
    },
    "sound": "stone"
  },
  "raigen:cobblestone_displayer_block": {
    "textures": {
      "up": "cobblestone_displayer_block_top",
      "side": "cobblestone_helpful_block_side",
      "down": "cobblestone_helpful_block_bottom"
    },
    "sound": "stone"
  },
  "raigen:cobblestone_mob_filter_block": {
    "textures": {
      "up": "cobblestone_mob_filter_block_top",
      "side": "cobblestone_filter_block_side",
      "down": "cobblestone_mob_filter_block_top"
    },
    "sound": "stone"
  },
  "raigen:cobblestone_grinder_block": {
    "textures": {
      "up": "cobblestone_grinder_block_top",
      "side": "cobblestone_helpful_block_side",
      "down": "cobblestone_helpful_block_top"
    },
    "sound": "stone"
  },
  "raigen:cobblestone_elevator_block": {
    "textures": {
      "up": "cobblestone_elevator_block_top",
      "side": "cobblestone_elevator_block_side",
      "down": "cobblestone_elevator_block_top"
    },
    "sound": "stone"
  },
  "raigen:cobblestone_burner_block": {
    "textures": {
      "up": "cobblestone_burner_block_top",
      "side": "cobblestone_burner_block_side",
      "down": "cobblestone_helpful_block_bottom"
    },
    "sound": "stone"
  },
  "raigen:cobblestone_conveyor_block": {
    "textures": {
      "up": "conveyor_block_top",
      "side_north": "cobblestone_conveyor_block_side_up",
      "side_south": "cobblestone_conveyor_block_side_down",
      "side_west": "cobblestone_conveyor_block_side_backwards",
      "side_east": "cobblestone_conveyor_block_side_forwards",
      "down": "cobblestone_helpful_block_bottom"
    },
    "sound": "stone"
  },
  "raigen:cobblestone_conveyor_block_north": {
    "textures": {
      "up": "conveyor_block_top",
      "side_north": "cobblestone_conveyor_block_side_up",
      "side_south": "cobblestone_conveyor_block_side_down",
      "side_west": "cobblestone_conveyor_block_side_backwards",
      "side_east": "cobblestone_conveyor_block_side_forwards",
      "down": "cobblestone_helpful_block_bottom"
    },
    "sound": "stone"
  },
  "raigen:cobblestone_conveyor_block_east": {
    "textures": {
      "up": "conveyor_block_top",
      "side_north": "cobblestone_conveyor_block_side_up",
      "side_south": "cobblestone_conveyor_block_side_down",
      "side_west": "cobblestone_conveyor_block_side_backwards",
      "side_east": "cobblestone_conveyor_block_side_forwards",
      "down": "cobblestone_helpful_block_bottom"
    },
    "sound": "stone"
  },
  "raigen:cobblestone_conveyor_block_south": {
    "textures": {
      "up": "conveyor_block_top",
      "side_north": "cobblestone_conveyor_block_side_up",
      "side_south": "cobblestone_conveyor_block_side_down",
      "side_west": "cobblestone_conveyor_block_side_backwards",
      "side_east": "cobblestone_conveyor_block_side_forwards",
      "down": "cobblestone_helpful_block_bottom"
    },
    "sound": "stone"
  },
  "raigen:cobblestone_conveyor_block_west": {
    "textures": {
      "up": "conveyor_block_top",
      "side_north": "cobblestone_conveyor_block_side_up",
      "side_south": "cobblestone_conveyor_block_side_down",
      "side_west": "cobblestone_conveyor_block_side_backwards",
      "side_east": "cobblestone_conveyor_block_side_forwards",
      "down": "cobblestone_helpful_block_bottom"
    },
    "sound": "stone"
  },
  "raigen:cobblestone_compact_block": {
    "textures": "cobblestone_compact_block",
    "sound": "stone"
  },
  "raigen:cobblestone_gate_block_black": {
    "textures": {
      "block": "cobblestone_gate_block",
      "color": "gate_block_black"
    },
    "sound": "stone"
  },
  "raigen:cobblestone_gate_block_blue": {
    "textures": {
      "block": "cobblestone_gate_block",
      "color": "gate_block_blue"
    },
    "sound": "stone"
  },
  "raigen:cobblestone_gate_block_brown": {
    "textures": {
      "block": "cobblestone_gate_block",
      "color": "gate_block_brown"
    },
    "sound": "stone"
  },
  "raigen:cobblestone_gate_block_cyan": {
    "textures": {
      "block": "cobblestone_gate_block",
      "color": "gate_block_cyan"
    },
    "sound": "stone"
  },
  "raigen:cobblestone_gate_block_gray": {
    "textures": {
      "block": "cobblestone_gate_block",
      "color": "gate_block_gray"
    },
    "sound": "stone"
  },
  "raigen:cobblestone_gate_block_green": {
    "textures": {
      "block": "cobblestone_gate_block",
      "color": "gate_block_green"
    },
    "sound": "stone"
  },
  "raigen:cobblestone_gate_block_light_blue": {
    "textures": {
      "block": "cobblestone_gate_block",
      "color": "gate_block_light_blue"
    },
    "sound": "stone"
  },
  "raigen:cobblestone_gate_block_lime": {
    "textures": {
      "block": "cobblestone_gate_block",
      "color": "gate_block_lime"
    },
    "sound": "stone"
  },
  "raigen:cobblestone_gate_block_magenta": {
    "textures": {
      "block": "cobblestone_gate_block",
      "color": "gate_block_magenta"
    },
    "sound": "stone"
  },
  "raigen:cobblestone_gate_block_orange": {
    "textures": {
      "block": "cobblestone_gate_block",
      "color": "gate_block_orange"
    },
    "sound": "stone"
  },
  "raigen:cobblestone_gate_block_pink": {
    "textures": {
      "block": "cobblestone_gate_block",
      "color": "gate_block_pink"
    },
    "sound": "stone"
  },
  "raigen:cobblestone_gate_block_purple": {
    "textures": {
      "block": "cobblestone_gate_block",
      "color": "gate_block_purple"
    },
    "sound": "stone"
  },
  "raigen:cobblestone_gate_block_red": {
    "textures": {
      "block": "cobblestone_gate_block",
      "color": "gate_block_red"
    },
    "sound": "stone"
  },
  "raigen:cobblestone_gate_block_silver": {
    "textures": {
      "block": "cobblestone_gate_block",
      "color": "gate_block_silver"
    },
    "sound": "stone"
  },
  "raigen:cobblestone_gate_block_white": {
    "textures": {
      "block": "cobblestone_gate_block",
      "color": "gate_block_white"
    },
    "sound": "stone"
  },
  "raigen:cobblestone_gate_block_yellow": {
    "textures": {
      "block": "cobblestone_gate_block",
      "color": "gate_block_yellow"
    },
    "sound": "stone"
  },
  "raigen:cobblestone_gate_block_open_black": {
    "textures": "gate_block_open_black",
    "sound": "stone"
  },
  "raigen:cobblestone_gate_block_open_blue": {
    "textures": "gate_block_open_blue",
    "sound": "stone"
  },
  "raigen:cobblestone_gate_block_open_brown": {
    "textures": "gate_block_open_brown",
    "sound": "stone"
  },
  "raigen:cobblestone_gate_block_open_cyan": {
    "textures": "gate_block_open_cyan",
    "sound": "stone"
  },
  "raigen:cobblestone_gate_block_open_gray": {
    "textures": "gate_block_open_gray",
    "sound": "stone"
  },
  "raigen:cobblestone_gate_block_open_green": {
    "textures": "gate_block_open_green",
    "sound": "stone"
  },
  "raigen:cobblestone_gate_block_open_light_blue": {
    "textures": "gate_block_open_light_blue",
    "sound": "stone"
  },
  "raigen:cobblestone_gate_block_open_lime": {
    "textures": "gate_block_open_lime",
    "sound": "stone"
  },
  "raigen:cobblestone_gate_block_open_magenta": {
    "textures": "gate_block_open_magenta",
    "sound": "stone"
  },
  "raigen:cobblestone_gate_block_open_orange": {
    "textures": "gate_block_open_orange",
    "sound": "stone"
  },
  "raigen:cobblestone_gate_block_open_pink": {
    "textures": "gate_block_open_pink",
    "sound": "stone"
  },
  "raigen:cobblestone_gate_block_open_purple": {
    "textures": "gate_block_open_purple",
    "sound": "stone"
  },
  "raigen:cobblestone_gate_block_open_red": {
    "textures": "gate_block_open_red",
    "sound": "stone"
  },
  "raigen:cobblestone_gate_block_open_silver": {
    "textures": "gate_block_open_silver",
    "sound": "stone"
  },
  "raigen:cobblestone_gate_block_open_white": {
    "textures": "gate_block_open_white",
    "sound": "stone"
  },
  "raigen:cobblestone_gate_block_open_yellow": {
    "textures": "gate_block_open_yellow",
    "sound": "stone"
  },
  
  "raigen:cobbled_deepslate_item_filter_block": {
    "textures": {
      "up": "cobbled_deepslate_item_filter_block_top",
      "side": "cobbled_deepslate_filter_block_side",
      "down": "cobbled_deepslate_item_filter_block_top"
    },
    "sound": "stone"
  },
  "raigen:cobbled_deepslate_displayer_block": {
    "textures": {
      "up": "cobbled_deepslate_displayer_block_top",
      "side": "cobbled_deepslate_helpful_block_side",
      "down": "cobbled_deepslate_helpful_block_bottom"
    },
    "sound": "stone"
  },
  "raigen:cobbled_deepslate_mob_filter_block": {
    "textures": {
      "up": "cobbled_deepslate_mob_filter_block_top",
      "side": "cobbled_deepslate_filter_block_side",
      "down": "cobbled_deepslate_mob_filter_block_top"
    },
    "sound": "stone"
  },
  "raigen:cobbled_deepslate_grinder_block": {
    "textures": {
      "up": "cobbled_deepslate_grinder_block_top",
      "side": "cobbled_deepslate_helpful_block_side",
      "down": "cobbled_deepslate_helpful_block_top"
    },
    "sound": "stone"
  },
  "raigen:cobbled_deepslate_elevator_block": {
    "textures": {
      "up": "cobbled_deepslate_elevator_block_top",
      "side": "cobbled_deepslate_elevator_block_side",
      "down": "cobbled_deepslate_elevator_block_top"
    },
    "sound": "stone"
  },
  "raigen:cobbled_deepslate_burner_block": {
    "textures": {
      "up": "cobbled_deepslate_burner_block_top",
      "side": "cobbled_deepslate_burner_block_side",
      "down": "cobbled_deepslate_helpful_block_bottom"
    },
    "sound": "stone"
  },
  "raigen:cobbled_deepslate_conveyor_block": {
    "textures": {
      "up": "conveyor_block_top",
      "side_north": "cobbled_deepslate_conveyor_block_side_up",
      "side_south": "cobbled_deepslate_conveyor_block_side_down",
      "side_west": "cobbled_deepslate_conveyor_block_side_backwards",
      "side_east": "cobbled_deepslate_conveyor_block_side_forwards",
      "down": "cobbled_deepslate_helpful_block_bottom"
    },
    "sound": "stone"
  },
  "raigen:cobbled_deepslate_conveyor_block_north": {
    "textures": {
      "up": "conveyor_block_top",
      "side_north": "cobbled_deepslate_conveyor_block_side_up",
      "side_south": "cobbled_deepslate_conveyor_block_side_down",
      "side_west": "cobbled_deepslate_conveyor_block_side_backwards",
      "side_east": "cobbled_deepslate_conveyor_block_side_forwards",
      "down": "cobbled_deepslate_helpful_block_bottom"
    },
    "sound": "stone"
  },
  "raigen:cobbled_deepslate_conveyor_block_east": {
    "textures": {
      "up": "conveyor_block_top",
      "side_north": "cobbled_deepslate_conveyor_block_side_up",
      "side_south": "cobbled_deepslate_conveyor_block_side_down",
      "side_west": "cobbled_deepslate_conveyor_block_side_backwards",
      "side_east": "cobbled_deepslate_conveyor_block_side_forwards",
      "down": "cobbled_deepslate_helpful_block_bottom"
    },
    "sound": "stone"
  },
  "raigen:cobbled_deepslate_conveyor_block_south": {
    "textures": {
      "up": "conveyor_block_top",
      "side_north": "cobbled_deepslate_conveyor_block_side_up",
      "side_south": "cobbled_deepslate_conveyor_block_side_down",
      "side_west": "cobbled_deepslate_conveyor_block_side_backwards",
      "side_east": "cobbled_deepslate_conveyor_block_side_forwards",
      "down": "cobbled_deepslate_helpful_block_bottom"
    },
    "sound": "stone"
  },
  "raigen:cobbled_deepslate_conveyor_block_west": {
    "textures": {
      "up": "conveyor_block_top",
      "side_north": "cobbled_deepslate_conveyor_block_side_up",
      "side_south": "cobbled_deepslate_conveyor_block_side_down",
      "side_west": "cobbled_deepslate_conveyor_block_side_backwards",
      "side_east": "cobbled_deepslate_conveyor_block_side_forwards",
      "down": "cobbled_deepslate_helpful_block_bottom"
    },
    "sound": "stone"
  },
  "raigen:cobbled_deepslate_compact_block": {
    "textures": "cobbled_deepslate_compact_block",
    "sound": "stone"
  },
  "raigen:cobbled_deepslate_gate_block_black": {
    "textures": {
      "block": "cobbled_deepslate_gate_block",
      "color": "gate_block_black"
    },
    "sound": "stone"
  },
  "raigen:cobbled_deepslate_gate_block_blue": {
    "textures": {
      "block": "cobbled_deepslate_gate_block",
      "color": "gate_block_blue"
    },
    "sound": "stone"
  },
  "raigen:cobbled_deepslate_gate_block_brown": {
    "textures": {
      "block": "cobbled_deepslate_gate_block",
      "color": "gate_block_brown"
    },
    "sound": "stone"
  },
  "raigen:cobbled_deepslate_gate_block_cyan": {
    "textures": {
      "block": "cobbled_deepslate_gate_block",
      "color": "gate_block_cyan"
    },
    "sound": "stone"
  },
  "raigen:cobbled_deepslate_gate_block_gray": {
    "textures": {
      "block": "cobbled_deepslate_gate_block",
      "color": "gate_block_gray"
    },
    "sound": "stone"
  },
  "raigen:cobbled_deepslate_gate_block_green": {
    "textures": {
      "block": "cobbled_deepslate_gate_block",
      "color": "gate_block_green"
    },
    "sound": "stone"
  },
  "raigen:cobbled_deepslate_gate_block_light_blue": {
    "textures": {
      "block": "cobbled_deepslate_gate_block",
      "color": "gate_block_light_blue"
    },
    "sound": "stone"
  },
  "raigen:cobbled_deepslate_gate_block_lime": {
    "textures": {
      "block": "cobbled_deepslate_gate_block",
      "color": "gate_block_lime"
    },
    "sound": "stone"
  },
  "raigen:cobbled_deepslate_gate_block_magenta": {
    "textures": {
      "block": "cobbled_deepslate_gate_block",
      "color": "gate_block_magenta"
    },
    "sound": "stone"
  },
  "raigen:cobbled_deepslate_gate_block_orange": {
    "textures": {
      "block": "cobbled_deepslate_gate_block",
      "color": "gate_block_orange"
    },
    "sound": "stone"
  },
  "raigen:cobbled_deepslate_gate_block_pink": {
    "textures": {
      "block": "cobbled_deepslate_gate_block",
      "color": "gate_block_pink"
    },
    "sound": "stone"
  },
  "raigen:cobbled_deepslate_gate_block_purple": {
    "textures": {
      "block": "cobbled_deepslate_gate_block",
      "color": "gate_block_purple"
    },
    "sound": "stone"
  },
  "raigen:cobbled_deepslate_gate_block_red": {
    "textures": {
      "block": "cobbled_deepslate_gate_block",
      "color": "gate_block_red"
    },
    "sound": "stone"
  },
  "raigen:cobbled_deepslate_gate_block_silver": {
    "textures": {
      "block": "cobbled_deepslate_gate_block",
      "color": "gate_block_silver"
    },
    "sound": "stone"
  },
  "raigen:cobbled_deepslate_gate_block_white": {
    "textures": {
      "block": "cobbled_deepslate_gate_block",
      "color": "gate_block_white"
    },
    "sound": "stone"
  },
  "raigen:cobbled_deepslate_gate_block_yellow": {
    "textures": {
      "block": "cobbled_deepslate_gate_block",
      "color": "gate_block_yellow"
    },
    "sound": "stone"
  },
  "raigen:cobbled_deepslate_gate_block_open_black": {
    "textures": "gate_block_open_black",
    "sound": "stone"
  },
  "raigen:cobbled_deepslate_gate_block_open_blue": {
    "textures": "gate_block_open_blue",
    "sound": "stone"
  },
  "raigen:cobbled_deepslate_gate_block_open_brown": {
    "textures": "gate_block_open_brown",
    "sound": "stone"
  },
  "raigen:cobbled_deepslate_gate_block_open_cyan": {
    "textures": "gate_block_open_cyan",
    "sound": "stone"
  },
  "raigen:cobbled_deepslate_gate_block_open_gray": {
    "textures": "gate_block_open_gray",
    "sound": "stone"
  },
  "raigen:cobbled_deepslate_gate_block_open_green": {
    "textures": "gate_block_open_green",
    "sound": "stone"
  },
  "raigen:cobbled_deepslate_gate_block_open_light_blue": {
    "textures": "gate_block_open_light_blue",
    "sound": "stone"
  },
  "raigen:cobbled_deepslate_gate_block_open_lime": {
    "textures": "gate_block_open_lime",
    "sound": "stone"
  },
  "raigen:cobbled_deepslate_gate_block_open_magenta": {
    "textures": "gate_block_open_magenta",
    "sound": "stone"
  },
  "raigen:cobbled_deepslate_gate_block_open_orange": {
    "textures": "gate_block_open_orange",
    "sound": "stone"
  },
  "raigen:cobbled_deepslate_gate_block_open_pink": {
    "textures": "gate_block_open_pink",
    "sound": "stone"
  },
  "raigen:cobbled_deepslate_gate_block_open_purple": {
    "textures": "gate_block_open_purple",
    "sound": "stone"
  },
  "raigen:cobbled_deepslate_gate_block_open_red": {
    "textures": "gate_block_open_red",
    "sound": "stone"
  },
  "raigen:cobbled_deepslate_gate_block_open_silver": {
    "textures": "gate_block_open_silver",
    "sound": "stone"
  },
  "raigen:cobbled_deepslate_gate_block_open_white": {
    "textures": "gate_block_open_white",
    "sound": "stone"
  },
  "raigen:cobbled_deepslate_gate_block_open_yellow": {
    "textures": "gate_block_open_yellow",
    "sound": "stone"
  }
}