{
  "format_version": "1.16.0",
  "minecraft:block": {
    "description": {
      "identifier": "raigen:cobbled_deepslate_gate_block_silver",
      "register_to_creative_menu": true
    },
    "components": {
      "minecraft:material_instances": {
        "block": {
          "texture": "cobbled_deepslate_gate_block",
          "render_method": "opaque"
        },
        "color": {
          "texture": "gate_block_silver",
          "render_method": "opaque"
        }
      },
      "minecraft:entity_collision": {
        "origin": [-8.0, 0.0, -8.0],
        "size": [16, 16, 16]
      },
      "minecraft:pick_collision": {
        "origin": [-8.0, 0.0, -8.0],
        "size": [16, 16, 16]
      },
      "minecraft:loot": "loot_tables/helpful_blocks/blocks/cobbled_deepslate_gate_block_silver.json",
      "minecraft:geometry": "geometry.gate_block",
      "minecraft:destroy_time": 5.6,
      "minecraft:immovable": false,
      "minecraft:explosion_resistance": 6,
      "minecraft:rotation": [0, 0, 0],
      "minecraft:block_light_absorption": 0,
      "minecraft:block_light_emission": 0.0,
      "minecraft:on_interact": {
        "event": "raigen:event_open"
      },
      "minecraft:map_color": "#c9c9c9",
      "tag:stone": {}
    },
    "events": {
      "raigen:event_open": {
        "play_sound": { "sound": "power.on", "target": "self" },
        "set_block": { "block_type": "raigen:cobbled_deepslate_gate_block_open_silver" },
        "run_command": {
          "command": [
            "fill ~ ~1 ~ ~ ~1 ~ raigen:cobbled_deepslate_gate_block_open_silver 0 replace raigen:cobbled_deepslate_gate_block_silver",
            "fill ~ ~-1 ~ ~ ~-1 ~ raigen:cobbled_deepslate_gate_block_open_silver 0 replace raigen:cobbled_deepslate_gate_block_silver",
            "fill ~ ~ ~1 ~ ~ ~1 raigen:cobbled_deepslate_gate_block_open_silver 0 replace raigen:cobbled_deepslate_gate_block_silver",
            "fill ~ ~ ~-1 ~ ~ ~-1 raigen:cobbled_deepslate_gate_block_open_silver 0 replace raigen:cobbled_deepslate_gate_block_silver",
            "fill ~1 ~ ~ ~1 ~ ~ raigen:cobbled_deepslate_gate_block_open_silver 0 replace raigen:cobbled_deepslate_gate_block_silver",
            "fill ~-1 ~ ~ ~-1 ~ ~ raigen:cobbled_deepslate_gate_block_open_silver 0 replace raigen:cobbled_deepslate_gate_block_silver"
          ],
          "target": "self"
        }
      }
    }
  }
}