{
  "format_version": "1.16.0",
  "minecraft:block": {
    "description": {
      "identifier": "raigen:cobbled_deepslate_gate_block_open_light_blue",
      "register_to_creative_menu": true
    },
    "components": {
      "minecraft:material_instances": {
        "*": {
          "texture": "gate_block_open_light_blue",
          "render_method": "opaque"
        }
      },
      "minecraft:entity_collision": false,
      "minecraft:pick_collision": {
        "origin": [-8.0, 0.0, -8.0],
        "size": [16, 16, 16]
      },
      "minecraft:loot": "loot_tables/helpful_blocks/blocks/cobbled_deepslate_gate_block_light_blue.json",
      "minecraft:geometry": "geometry.gate_block_open",
      "minecraft:destroy_time": 120.0,
      "minecraft:immovable": false,
      "minecraft:explosion_resistance": 6,
      "minecraft:rotation": [0, 0, 0],
      "minecraft:block_light_absorption": 0,
      "minecraft:block_light_emission": 0.0,
      "minecraft:on_placed": {
        "event": "raigen:event_open_others"
      },
      "minecraft:on_player_placing": {
        "event": "raigen:event_open_others"
      },
      "minecraft:ticking": {
        "looping": false,
        "range": [ 3, 3 ],
        "on_tick": { "event": "raigen:event_close" } 
      },
      "minecraft:map_color": "#c9c9c9",
      "tag:stone": {}
    },
    "events": {
      "raigen:event_open_others": {
        "run_command": {
          "command": [
            "fill ~ ~1 ~ ~ ~1 ~ raigen:cobbled_deepslate_gate_block_open_light_blue 0 replace raigen:cobbled_deepslate_gate_block_light_blue",
            "fill ~ ~-1 ~ ~ ~-1 ~ raigen:cobbled_deepslate_gate_block_open_light_blue 0 replace raigen:cobbled_deepslate_gate_block_light_blue",
            "fill ~ ~ ~1 ~ ~ ~1 raigen:cobbled_deepslate_gate_block_open_light_blue 0 replace raigen:cobbled_deepslate_gate_block_light_blue",
            "fill ~ ~ ~-1 ~ ~ ~-1 raigen:cobbled_deepslate_gate_block_open_light_blue 0 replace raigen:cobbled_deepslate_gate_block_light_blue",
            "fill ~1 ~ ~ ~1 ~ ~ raigen:cobbled_deepslate_gate_block_open_light_blue 0 replace raigen:cobbled_deepslate_gate_block_light_blue",
            "fill ~-1 ~ ~ ~-1 ~ ~ raigen:cobbled_deepslate_gate_block_open_light_blue 0 replace raigen:cobbled_deepslate_gate_block_light_blue"
          ],
          "target": "self"
        }
      },
      "raigen:event_close": {
        "set_block": { "block_type": "raigen:cobbled_deepslate_gate_block_light_blue" }
      }
    }
  }
}