{
  "format_version": "1.16.0",
  "minecraft:block": {
    "description": {
      "identifier": "raigen:cobblestone_conveyor_block_north",
      "register_to_creative_menu": false
    },
    "components": {
      "minecraft:material_instances": {
        "up": {
          "texture": "conveyor_block_top",
          "render_method": "opaque"
        },
        "side_north": {
          "texture": "cobblestone_conveyor_block_side_up",
          "render_method": "opaque"
        },
        "side_south": {
          "texture": "cobblestone_conveyor_block_side_down",
          "render_method": "opaque"
        },
        "side_west": {
          "texture": "cobblestone_conveyor_block_side_backwards",
          "render_method": "opaque"
        },
        "side_east": {
          "texture": "cobblestone_conveyor_block_side_forwards",
          "render_method": "opaque"
        },
        "down": {
          "texture": "cobblestone_helpful_block_bottom",
          "render_method": "opaque"
        }
      },
      "minecraft:entity_collision": {
        "origin": [-8.0, 0.0, -8.0],
        "size": [16, 16, 16]
      },
      "minecraft:pick_collision": {
        "origin": [-8.0, 0.0, -8.0],
        "size": [16, 16, 16]
      },
      "minecraft:loot": "loot_tables/helpful_blocks/blocks/cobblestone_conveyor_block.json",
      "minecraft:geometry": "geometry.conveyor_block",
      "minecraft:destroy_time": 5.6,
      "minecraft:immovable": false,
      "minecraft:explosion_resistance": 6,
      "minecraft:rotation": [0, 0, 0],
      "minecraft:block_light_absorption": 0,
      "minecraft:block_light_emission": 0.0,
      "minecraft:ticking": { "looping": true, "range": [ 0.1, 0.1 ], "on_tick": { "event": "raigen:event_push" } },
      "minecraft:map_color": "#c9c9c9",
      "tag:stone": {}
    },
    "events": {
      "raigen:event_push": {
        "run_command": {
          "command": "execute @e[r=0.95] ~ ~ ~ detect ~ ~-0.1 ~ raigen:cobblestone_conveyor_block_north 0 tp @s ~ ~ ~0.05",
          "target": "self"
        }
      }
    }
  }
}