{
  "format_version": "1.16.100",
  "minecraft:item": {
    "description": {
      "identifier": "pbi:get_all_connection_blocks",
      "category": "items"
    },
    "components": {
      "minecraft:hand_equipped": true,
      "minecraft:max_stack_size": 64,
      "minecraft:foil": true,
      "minecraft:icon": {
        "texture": "pbi:get_all_connection_blocks"
      },
      "minecraft:display_name": {
        "value": "§1Get All Connection Blocks"
      },
      "minecraft:cooldown": {
        "category": "get_all_connection_blocks",
        "duration": 1
      },
      "minecraft:on_use": {
        "on_use": {
          "event": "on_use_event"
        }
      }
    },
    "events": {
      "on_use_event": {
        "swing": {},
        "run_command": {
          "command": [
            "function get_all_connection_blocks"
          ]
        }
      },
      "hurt": {
        "damage": {
          "type": "magic",
          "amount": 1,
          "target": "self"
        }
      }
    }
  }
}