[
  {
    "flipbook_texture": "textures/helpful_blocks/blocks/cobblestone_grinder_block_top",
    "atlas_tile": "cobblestone_grinder_block_top",
    "ticks_per_frame": 2
  },
  {
    "flipbook_texture": "textures/helpful_blocks/blocks/cobblestone_elevator_block_side",
    "atlas_tile": "cobblestone_elevator_block_side",
    "ticks_per_frame": 2
  },
  {
    "flipbook_texture": "textures/helpful_blocks/blocks/cobblestone_conveyor_block_side_down",
    "atlas_tile": "cobblestone_conveyor_block_side_down",
    "ticks_per_frame": 2
  },
  {
    "flipbook_texture": "textures/helpful_blocks/blocks/cobblestone_conveyor_block_side_up",
    "atlas_tile": "cobblestone_conveyor_block_side_up",
    "ticks_per_frame": 2
  },
  {
    "flipbook_texture": "textures/helpful_blocks/blocks/cobblestone_conveyor_block_side_forwards",
    "atlas_tile": "cobblestone_conveyor_block_side_forwards",
    "ticks_per_frame": 2
  },
  {
    "flipbook_texture": "textures/helpful_blocks/blocks/cobblestone_conveyor_block_side_backwards",
    "atlas_tile": "cobblestone_conveyor_block_side_backwards",
    "ticks_per_frame": 2
  },
  {
    "flipbook_texture": "textures/helpful_blocks/blocks/conveyor_block_top",
    "atlas_tile": "conveyor_block_top",
    "ticks_per_frame": 2
  },
  {
    "flipbook_texture": "textures/helpful_blocks/blocks/cobbled_deepslate_grinder_block_top",
    "atlas_tile": "cobbled_deepslate_grinder_block_top",
    "ticks_per_frame": 2
  },
  {
    "flipbook_texture": "textures/helpful_blocks/blocks/cobbled_deepslate_elevator_block_side",
    "atlas_tile": "cobbled_deepslate_elevator_block_side",
    "ticks_per_frame": 2
  },
  {
    "flipbook_texture": "textures/helpful_blocks/blocks/cobbled_deepslate_conveyor_block_side_down",
    "atlas_tile": "cobbled_deepslate_conveyor_block_side_down",
    "ticks_per_frame": 2
  },
  {
    "flipbook_texture": "textures/helpful_blocks/blocks/cobbled_deepslate_conveyor_block_side_up",
    "atlas_tile": "cobbled_deepslate_conveyor_block_side_up",
    "ticks_per_frame": 2
  },
  {
    "flipbook_texture": "textures/helpful_blocks/blocks/cobbled_deepslate_conveyor_block_side_forwards",
    "atlas_tile": "cobbled_deepslate_conveyor_block_side_forwards",
    "ticks_per_frame": 2
  },
  {
    "flipbook_texture": "textures/helpful_blocks/blocks/cobbled_deepslate_conveyor_block_side_backwards",
    "atlas_tile": "cobbled_deepslate_conveyor_block_side_backwards",
    "ticks_per_frame": 2
  }
]