{
  "format_version": "1.10.0",
  "minecraft:block": {
    "description": {
      "identifier": "qkypack1:blue",
      "is_experimental": false,
      "register_to_creative_menu": true
    },
    "components": {
      "minecraft:loot": {
        "table": "loot_tables/blue.json"
      },
      "minecraft:destroy_time": {
        "value": 1.0
      },
      "minecraft:explosion_resistance": {
        "value": 35.0
      },
      "minecraft:map_color": {
        "color": "#FF0000"
      }
    }
  }
}