{
  "format_version": [ 1, 0, 0 ],
  "qkypack1:black": {
    "textures": "black",
    "sound": "stone"
  },
  "qkypack1:grey": {
    "textures": "grey",
    "sound": "stone"
  },
  "qkypack1:light_grey": {
    "textures": "light_grey",
    "sound": "stone"
  },
  "qkypack1:white": {
    "textures": "white",
    "sound": "stone"
  },
  "qkypack1:pink": {
    "textures": "pink",
    "sound": "stone"
  },
  "qkypack1:brown": {
    "textures": "brown",
    "sound": "stone"
  },
  "qkypack1:red": {
    "textures": "red",
    "sound": "stone"
  },
  "qkypack1:orange": {
    "textures": "orange",
    "sound": "stone"
  },
  "qkypack1:yellow": {
    "textures": "yellow",
    "sound": "stone"
  },
  "qkypack1:lime": {
    "textures": "lime",
    "sound": "stone"
  },
  "qkypack1:green": {
    "textures": "green",
    "sound": "stone"
  },
  "qkypack1:cyan": {
    "textures": "cyan",
    "sound": "stone"
  },
  "qkypack1:light_blue": {
    "textures": "light_blue",
    "sound": "stone"
  },
  "qkypack1:blue": {
    "textures": "blue",
    "sound": "stone"
  },
  "qkypack1:purple": {
    "textures": "purple",
    "sound": "stone"
  },
  "qkypack1:magenta": {
    "textures": "magenta",
    "sound": "stone"
  },
  "qkypack1:rainbow_block": {
    "textures": "rainbow",
    "sound": "stone"
  },
  "qkypack1:light": {
    "textures": "light",
    "sound": "glass"
  }
}