{
  "format_version": "1.16.100",
  "minecraft:block": {
    "description": {
      "identifier": "pb:speed_level_3",
      "category": "Nature",
      "properties": {
        "block:rotation": [
          0,
          1,
          2,
          3,
          4,
          5,
          6
        ]
      }
    },
    "components": {
      "minecraft:loot": "loot_tables/blocks/pb_speed_level_3.json",
      "minecraft:destroy_time": 0.6,
      "minecraft:friction": 0.7,
      "minecraft:map_color": "#4E4A4A",
      "minecraft:explosion_resistance": 25.0,
      "minecraft:block_light_absorption": 0.0,
      "minecraft:block_light_emission": 0.0,
      "minecraft:on_player_placing": {
        "event": "update_rotation"
      },
      "minecraft:on_placed": {
        "event": "size:block",
        "target": "self"
      },
      "minecraft:on_player_destroyed": {
        "event": "remove:block",
        "target": "self"
      },
      "minecraft:material_instances": {
        "*": {
          "texture": "pb:speed_level_3",
          "render_method": "blend"
        }
      },
      "minecraft:on_step_on": {
        "event": "step:on",
        "target": "self"
      },
      "minecraft:on_step_off": {
        "event": "step:off",
        "target": "self"
      },
      "minecraft:random_ticking": {
        "on_tick": {
          "event": "random:tick",
          "target": "self"
        }
      },
      "minecraft:ticking": {
        "looping": true,
        "range": [
          0.1,
          0.1
        ],
        "on_tick": {
          "event": "on_tick",
          "target": "self"
        }
      }
    },
    "events": {
      "update_rotation": {
        "set_block_property": {
          "block:rotation": "query.cardinal_facing_2d"
        }
      },
      "step:on": {
        "run_command": {
          "command": []
        }
      },
      "step:off": {
        "run_command": {
          "command": []
        }
      },
      "on_tick": {
        "run_command": {
          "command": [
            "function speed_level_3"
          ]
        }
      },
      "size:block": {
        "run_command": {
          "command": []
        }
      },
      "random:tick": {
        "run_command": {
          "command": []
        }
      },
      "remove:block": {
        "run_command": {
          "command": []
        }
      }
    },
    "permutations": [
      {
        "condition": "query.block_property('block:rotation') == 2",
        "components": {
          "minecraft:rotation": [
            0,
            0,
            0
          ]
        }
      },
      {
        "condition": "query.block_property('block:rotation') == 3",
        "components": {
          "minecraft:rotation": [
            0,
            -180,
            0
          ]
        }
      },
      {
        "condition": "query.block_property('block:rotation') == 4",
        "components": {
          "minecraft:rotation": [
            0,
            90,
            0
          ]
        }
      },
      {
        "condition": "query.block_property('block:rotation') == 5",
        "components": {
          "minecraft:rotation": [
            0,
            -90,
            0
          ]
        }
      }
    ]
  }
}