[
  {
    "flipbook_texture": "textures/blocks/pb_jump_boost_level_4",
    "atlas_tile": "ani_pb_jump_boost_level_4",
    "ticks_per_frame": 42
  },
  {
    "flipbook_texture": "textures/blocks/pb_fire_block",
    "atlas_tile": "ani_pb_fire_block",
    "ticks_per_frame": 42
  },
  {
    "flipbook_texture": "textures/blocks/pb_cleanse_block",
    "atlas_tile": "ani_pb_cleanse_block",
    "ticks_per_frame": 42
  },
  {
    "flipbook_texture": "textures/blocks/pb_slow_beam",
    "atlas_tile": "ani_pb_slow_beam",
    "ticks_per_frame": 42
  }
]