{
  "resource_pack_name": "vanilla",
  "texture_name": "atlas.items",
  "texture_data": {
    "egg_camel": {
      "textures": "textures/items/egg_camel"
    },
    "egg_lion": {
      "textures": "textures/items/egg_lion"
    },
    "egg_penguin": {
      "textures": "textures/items/egg_penguin"
    },
    "egg_tiger": {
      "textures": "textures/items/egg_tiger"
    },
    "egg_elephant": {
      "textures": "textures/items/egg_elephant"
    },
    "egg_deer": {
      "textures": "textures/items/egg_deer"
    },
    "egg_panther": {
      "textures": "textures/items/egg_panther"
    },
    "egg_frog": {
      "textures": "textures/items/egg_frog"
    },
    "egg_crocodile": {
      "textures": "textures/items/egg_crocodile"
    },
    "egg_mouse": {
      "textures": "textures/items/egg_mouse"
    },
    "gallardo": {
      "textures": "textures/items/gallardo"
    },
    "bench": {
      "textures": "textures/items/bench"
    },
    "christmas_tree": {
      "textures": "textures/items/christmas_tree"
    },
    "tivi": {
      "textures": "textures/items/tivi"
    },
    "closet": {
      "textures": "textures/items/closet"
    },
    "laptop": {
      "textures": "textures/items/laptop"
    },
    "piano": {
      "textures": "textures/items/piano"
    },
    "armchairs": {
      "textures": "textures/items/armchairs"
    },
    "chair": {
      "textures": "textures/items/chair"
    },
    "big_table": {
      "textures": "textures/items/big_table"
    },
    "small_table": {
      "textures": "textures/items/small_table"
    },
    "drone": {
      "textures": "textures/items/drone"
    },
    "colorful_gifts": {
      "textures": "textures/items/colorful_gifts"
    },
    "pbi:get_all_feature_blocks_pt1": {
      "textures": "textures/items/pamobile/pbi_get_all_feature_blocks_pt1"
    },
    "pbi:key": {
      "textures": "textures/items/pamobile/pbi_key"
    },
    "pbi:get_all_teleportation_blocks": {
      "textures": "textures/items/pamobile/pbi_get_all_teleportation_blocks"
    },
    "pbi:get_all_feature_blocks_pt2": {
      "textures": "textures/items/pamobile/pbi_get_all_feature_blocks_pt2"
    },
    "pbi:get_all_effects_blocks": {
      "textures": "textures/items/pamobile/pbi_get_all_effects_blocks"
    },
    "pbi:get_all_item_blocks": {
      "textures": "textures/items/pamobile/pbi_get_all_item_blocks"
    },
    "pbi:get_all_connection_blocks": {
      "textures": "textures/items/pamobile/pbi_get_all_connection_blocks"
    },
    "pbi:get_all_design_blocks": {
      "textures": "textures/items/pamobile/pbi_get_all_design_blocks"
    }
  }
}